<?xml version="1.0" encoding="UTF-8"?>
<workbench-state>
  <properties>
    <mapping>
      <key class="java.lang.String">class com.vividsolutions.jump.workbench.ui.snap.GridRenderer - ENABLED</key>
      <value class="java.lang.Boolean">false</value>
    </mapping>
    <mapping>
      <key class="java.lang.String">org.openjump.core.ui.SelectionStyllingOptionsPanel SELECTION_STYLE_POINT_FORM</key>
      <value class="java.lang.String">SQUARE</value>
    </mapping>
    <mapping>
      <key class="java.lang.String">com.vividsolutions.jump.workbench.datastore.ConnectionManager - CONNECTION DESCRIPTORS</key>
      <value class="java.util.ArrayList" />
    </mapping>
    <mapping>
      <key class="java.lang.String">com.vividsolutions.jump.workbench.ui.WorkbenchFrame - HORIZONTAL_KEY</key>
      <value class="java.lang.Integer">0</value>
    </mapping>
    <mapping>
      <key class="java.lang.String">com.vividsolutions.jump.workbench.ui.WorkbenchFrame - MAXIMIZED_KEY</key>
      <value class="java.lang.Boolean">false</value>
    </mapping>
    <mapping>
      <key class="java.lang.String">com.vividsolutions.jump.workbench.ui.WorkbenchFrame - WIDTH_KEY</key>
      <value class="java.lang.Integer">900</value>
    </mapping>
    <mapping>
      <key class="java.lang.String">org.openjump.core.ui.plugin.file.OpenRecentPlugIn.FILES</key>
      <value class="java.util.LinkedHashSet" />
    </mapping>
    <mapping>
      <key class="java.lang.String">com.vividsolutions.jump.workbench.ui.WorkbenchFrame - VERTICAL_KEY</key>
      <value class="java.lang.Integer">0</value>
    </mapping>
    <mapping>
      <key class="java.lang.String">org.openjump.core.ui.SelectionStyllingOptionsPanel SELECTION_STYLE_COLOR</key>
      <value class="java.awt.Color">255, 255, 0, 255</value>
    </mapping>
    <mapping>
      <key class="java.lang.String">org.openjump.core.ui.SelectionStyllingOptionsPanel SELECTION_STYLE_POINT_SIZE</key>
      <value class="java.lang.Integer">5</value>
    </mapping>
    <mapping>
      <key class="java.lang.String">org.openjump.core.ui.plugin.file.OpenRecentPlugIn.PROJECTS</key>
      <value class="java.util.LinkedHashSet" />
    </mapping>
    <mapping>
      <key class="java.lang.String">com.vividsolutions.jump.workbench.ui.WorkbenchFrame - HEIGHT_KEY</key>
      <value class="java.lang.Integer">665</value>
    </mapping>
  </properties>
</workbench-state>

